1,Yesica,Bueno,98217,1
2,Otilia,Gómez ,93880,2
3,Joaquin ,Gago ,81674,3
4,Avelina ,Corral ,84432,4
5,Ahmed ,Kaur ,44662,5
6,Carla ,Aznar ,94226,6
7,Teodora ,Ferreiro ,43501,7
8,Mauro ,Peralta ,63113,8
9,Raimundo ,de-La-Rosa ,99774,9
10,Leyre ,Ramirez ,96396,10
11,Valentin ,Alfaro ,56584,11
12,Óscar ,Francisco ,53960,12
13,Florentino ,Francisco ,44188,13
14,Blanca ,Lozano ,60063,14
15,Cecilio ,Singh ,59278,15
16,Teofilo ,Guijarro ,40225,1
17,Julen ,Salgado ,78950,2
18,Enzo ,Valenzuela ,50021,3
19,Noe ,Melian ,98674,4
20,Eva ,Alcaraz ,78574,5
21,Nerea ,Alcantara ,80008,6
22,Roxana ,Mayoral ,73299,7
23,Ramon ,Ballester ,85437,8
24,Graciela ,Uriarte ,52714,9
25,Martha ,Cabanillas ,94411,10
26,Elisabeth ,Seoane ,76406,11
